Model,MAE_Test
XGBoost,0.00016626319928881355
KNN,0.00016762268287814685
LSTM,0.00016780481809145625
Random_Forest,0.00017482488749069757
MLP,0.00017832821387686555
Linear_Regression,0.00018491197610271323
Ridge_Regression,0.00018596044062812463
