Model,Train,Test
MLP,0.00036051439543233557,0.000601648889375217
XGBoost,0.00021239009473964968,0.0006040596483925567
Random_Forest,0.00019682388461693474,0.0006067566963158189
LSTM,0.00035103888334581075,0.0006176129509513396
Linear_Regression,0.000360156705759899,0.0006208208679233403
KNN,0.0,0.0006244633826974981
Ridge_Regression,0.0003803436553491661,0.0006379861368392147
