batch_size,rmse
1,0.00022732909362797602
32,0.0001571387340368817
64,0.0001605116399585992
128,0.00016938991924024332
256,0.00016483269839389508
512,0.00015942311398557275
5423,0.00015781042162300716
